{
  "meterScale": 1,
  "cameraInfo": {
    "position": [
      15.10858,
      -41.21000,
      43.06862
    ],
    "lookUp": [
      0.00000,
      -1.00000,
      0.00000
    ],
    "lookAt": [
      -4.56702,
      -13.20792,
      -7.23191
    ]
  },
  "url": "hero1080.ksplat"
}